id,Mutation
1,ABL1_E255K
2,ABL1_E255V
3,ABL1_Y253H
4,ABL1_F359V
5,ABL1_F359C
6,ABL1_F359I
7,ABL1_I242T
8,ABL1_M244V
9,ABL1_K247R
10,ABL1_L248V
11,ABL1_G250E
12,ABL1_G250R
13,ABL1_Q252R
14,ABL1_Q252H
15,ABL1_Y253F
16,ABL1_M237V
17,ABL1_E258D
18,ABL1_W261L
19,ABL1_L273M
20,ABL1_E275K
21,ABL1_E275Q
22,ABL1_D276G
23,ABL1_T277A
24,ABL1_E279K
25,ABL1_V280A
26,ABL1_V289A
27,ABL1_V289I
28,ABL1_E292V
29,ABL1_E292Q
30,ABL1_I293V
31,ABL1_L298V
32,ABL1_V299L
33,ABL1_F311L
34,ABL1_F311I
35,ABL1_T315I
36,ABL1_F317L
37,ABL1_F317V
38,ABL1_F317I
39,ABL1_F317C
40,ABL1_Y320C
41,ABL1_L324Q
42,ABL1_Y342H
43,ABL1_M343T
44,ABL1_A344V
45,ABL1_A350V
46,ABL1_M351T
47,ABL1_E355D
48,ABL1_E355G
49,ABL1_E355A
50,ABL1_F359L
51,ABL1_D363Y
52,ABL1_L364I
53,ABL1_A365V
54,ABL1_A366G
55,ABL1_L370P
56,ABL1_V371A
57,ABL1_E373K
58,ABL1_V379I
59,ABL1_A380T
60,ABL1_F382L
61,ABL1_L384M
62,ABL1_L387M
63,ABL1_L387F
64,ABL1_L387V
65,ABL1_M388L
66,ABL1_Y393C
67,ABL1_H396P
68,ABL1_H396R
69,ABL1_H396A
70,ABL1_A397P
71,ABL1_S417F
72,ABL1_S417Y
73,ABL1_I418S
74,ABL1_I418V
75,ABL1_A433T
76,ABL1_S438C
77,ABL1_E450K
78,ABL1_E450G
79,ABL1_E450A
80,ABL1_E450V
81,ABL1_E453K
82,ABL1_E453G
83,ABL1_E453A
84,ABL1_E453V
85,ABL1_E459K
86,ABL1_E459G
87,ABL1_E459A
88,ABL1_E459V
89,ABL1_M472I
90,ABL1_P480L
91,ABL1_F486S
92,ABL1_E507G
93,ABL1_T315A
94,ABL1_F317S
95,ABL1_N336S
96,ABL1_E453Q
97,ABL1_D421G
98,ABL1_L364P
99,ABL1_Q300R
100,ABL1_L248R
101,ABL1_P480A
102,ABL1_G398R
103,ABL1_R332W
104,ABL1_G321L
105,AKT1_Q79K
106,AKT1_E17K
107,AKT3_E17K
108,ALK_C1156Y
109,ALK_L1196M
110,ALK_E1408V
111,ALK_F1174L
112,ALK_F856S
113,ALK_A348D
114,ALK_G1123S
115,ALK_I1171T
116,ALK_L1152R
117,ALK_G1202R
118,ALK_S1206Y
119,ALK_G1269A
120,ALK_L1198F
121,ALK_R1275Q
122,ALK_G1128A
123,ALK_I1171N
124,ALK_R1192P
125,ALK_F1245C
126,ALK_I1171S
127,ALK_V1180L
128,ALK_Y1278S
129,ALK_D1091N
130,ALK_F1245V
131,ALK_F1174V
132,ALK_C1156F
133,ALK_D1203N
134,ALK_E1210K
135,ALK_F1174C
136,ALK_L1152P
137,ALK_L1196Q
138,APC_N1026S
139,AR_F877L
140,AR_L702H
141,AR_T878A
142,ARAF_S214C
143,ARAF_S490T
144,ATM_N2875H
145,BRAF_D594G
146,BRAF_G466V
147,BRAF_K601R
148,BRAF_L597R
149,BRAF_V600R
150,BRAF_V600D
151,BRAF_V600K
152,BRAF_V600M
153,BRAF_V600G
154,BRAF_V600E
155,BRAF_Y472C
156,BRAF_G596R
157,BRAF_L597V
158,BRAF_L597Q
159,BRAF_L597S
160,BRAF_K601E
161,BRAF_G469A
162,BRAF_D594A
163,BRAF_N581S
164,BRAF_K483M
165,BRAF_G606E
166,BRAF_D594V
167,BRAF_G464V
168,BRAF_G596C
169,BRAF_P731T
170,BRAF_L505H
171,BRAF_G464E
172,BRAF_K601T
173,BRAF_K601N
174,BRAF_G464R
175,BRAF_G469V
176,BRAF_F247L
177,BRAF_F595L
178,BRAF_L514V
179,BRAF_L485W
180,BRAF_G466E
181,BRAF_D594N
182,BRAF_D594E
183,BRAF_G469L
184,BRAF_G469R
185,BRAF_G469S
186,BRAF_V600A
187,BRAF_V600L
188,BRAF_V600Q
189,BRCA1_E1559K
190,BRCA1_C64Y
191,BRCA1_D1692N
192,BRCA1_C61G
193,BRCA1_R71G
194,BRCA1_R1495M
195,BRCA1_R71K
196,BRCA1_A1708E
197,BRCA1_A1789T
198,BRCA1_C39Y
199,BRCA1_C44F
200,BRCA1_C44Y
201,BRCA1_M1775R
202,BRCA1_M18T
203,BRCA1_P1749R
204,BRCA1_R1699W
205,BRCA1_V1713A
206,BRCA2_V211L
207,BRCA2_M1I
208,BRCA2_R2336H
209,BRCA2_V211I
210,BRCA2_V159M
211,BRCA2_M1R
212,BRCA2_R2336P
213,BRCA2_R2659T
214,BTK_C481S
215,BTK_T316A
216,CBL_Y371H
217,CBL_C384R
218,CDK4_R24C
219,CSF3R_N610S
220,CSF3R_N610H
221,CSF3R_T618I
222,CSF3R_T640N
223,CTNNB1_T41A
224,CTNNB1_S45F
225,CTNNB1_N387K
226,CTNNB1_S33C
227,CTNNB1_S37F
228,CTNNB1_S37Y
229,CTNNB1_S45P
230,CTNNB1_W383R
231,CYP19A1_P410S
232,DDR2_I638F
233,DDR2_L239R
234,DDR2_G253C
235,DDR2_G774V
236,DDR2_L63V
237,DDR2_G505S
238,DDR2_S768R
239,EGFR_R108K
240,EGFR_G598V
241,EGFR_C797S
242,EGFR_E690K
243,EGFR_L798I
244,EGFR_L858R
245,EGFR_L861Q
246,EGFR_G719A
247,EGFR_G719S
248,EGFR_G719C
249,EGFR_G719D
250,EGFR_L747S
251,EGFR_S768I
252,EGFR_L861P
253,EGFR_L861R
254,EGFR_T790M
255,EGFR_K806E
256,EGFR_A864T
257,EGFR_D761Y
258,EGFR_E734Q
259,EGFR_C797Y
260,EGFR_R831H
261,EGFR_V851I
262,EGFR_N826S
263,EGFR_C797G
264,EGFR_C797R
265,EGFR_R832H
266,EPHA2_G391R
267,ERBB2_D769Y
268,ERBB2_D769H
269,ERBB2_R896C
270,ERBB2_V777L
271,ERBB2_V842I
272,ERBB2_G309A
273,ERBB2_K753E
274,ERBB2_L755S
275,ERBB2_L869R
276,ERBB2_T798I
277,ERBB2_V659E
278,ERBB2_L755W
279,ERBB2_L726F
280,ERBB2_N813D
281,ERBB2_H878Y
282,ERBB2_T733I
283,ERBB2_T798M
284,ERBB2_G660R
285,ERBB2_V773L
286,ERBB2_G778A
287,ERBB2_S310Y
288,ERBB2_G776V
289,ERBB2_S783P
290,ERBB2_V773A
291,ERBB2_R678Q
292,ERBB2_L785F
293,ERBB2_Y803N
294,ERBB2_L755P
295,ERBB2_G292R
296,ERBB2_L841V
297,ERBB2_G660D
298,ERBB2_E719G
299,ERBB2_L768S
300,ERBB2_L866M
301,ERBB2_T862A
302,ERBB2_E812K
303,ERBB2_N857S
304,ERBB2_S310F
305,ERBB2_K831N
306,ERBB2_S653C
307,ERBB2_L663P
308,ERBB2_P780L
309,ERBB2_E717K
310,ERBB2_Q709L
311,ERBB2_L726I
312,ERBB2_E321G
313,ERBB2_G309E
314,ERBB3_G284R
315,ERBB3_R103G
316,ERBB3_V104M
317,ERBB3_P262H
318,ERBB3_Q809R
319,ERBB3_V855A
320,ERBB4_E872K
321,ERBB4_H809G
322,ERBB4_G1109C
323,ERBB4_E563K
324,ERBB4_E542K
325,ESR1_Y537S
326,ESR1_Y537N
327,ESR1_Y537C
328,ESR1_L536Q
329,ESR1_S463P
330,ESR1_D538G
331,ESR1_E380Q
332,ESR1_L469V
333,ESR1_L536H
334,ESR1_L536P
335,ESR1_L536R
336,ESR1_P535H
337,ESR1_S576L
338,ESR1_V392I
339,ESR1_V534E
340,ESR1_Y537D
341,EZH2_Y646H
342,EZH2_Y111D
343,EZH2_Y646F
344,FBXW7_R505C
345,FGFR1_N546K
346,FGFR1_V561M
347,FGFR2_V564L
348,FGFR2_V564F
349,FGFR2_F276C
350,FGFR2_M538I
351,FGFR2_S252W
352,FGFR2_V564I
353,FGFR2_I548V
354,FGFR2_P253R
355,FGFR2_W290C
356,FGFR2_N549K
357,FGFR2_N549H
358,FGFR3_S249C
359,FGFR3_V555M
360,FGFR3_V555L
361,FGFR3_R248C
362,FGFR3_F386L
363,FGFR3_Y375C
364,FGFR3_S131L
365,FGFR3_K652E
366,FLT3_D835H
367,FLT3_D835V
368,FLT3_R834Q
369,FLT3_Y572C
370,FLT3_Y842C
371,FLT3_D835Y
372,FLT3_S451F
373,FLT3_V592G
374,GNA11_Q209L
375,GNA11_Q209P
376,GNAQ_Q209P
377,GNAQ_Q209L
378,GNAQ_Q209H
379,GNAQ_Q209K
380,GNAQ_Q209R
381,GNAQ_Q209Y
382,HRAS_G13D
383,HRAS_Q61L
384,HRAS_G12V
385,HRAS_Q61R
386,IDH1_R132C
387,IDH1_R132S
388,IDH1_R132L
389,IDH1_R132H
390,IDH2_R140K
391,IDH2_R172K
392,IDH2_R140Q
393,JAK1_S703I
394,JAK2_V617F
395,JAK2_R938Q
396,JAK2_R867Q
397,JAK2_Y931C
398,JAK3_A572V
399,JAK3_R172Q
400,JAK3_G589D
401,JAK3_E183G
402,JAK3_H583Y
403,JAK3_L156P
404,JAK3_M511I
405,JAK3_L857P
406,JAK3_A573V
407,JAK3_V722I
408,JAK3_V674A
409,KCNJ5_L168R
410,KDR_A1065T
411,KDR_D717V
412,KDR_R961W
413,KDR_R1032Q
414,KDR_L840F
415,KIT_A829P
416,KIT_V654A
417,KIT_T670I
418,KIT_D816V
419,KIT_D816Y
420,KIT_D816F
421,KIT_D820E
422,KIT_D820Y
423,KIT_H697Y
424,KIT_N822K
425,KIT_Y553N
426,KIT_K642E
427,KIT_N822H
428,KIT_M541L
429,KIT_L576P
430,KIT_D820G
431,KIT_V559D
432,KIT_D816H
433,KIT_C809G
434,KIT_V560G
435,KIT_Y823D
436,KIT_D820A
437,KIT_D820N
438,KIT_N505I
439,KIT_V559A
440,KIT_W557R
441,KIT_Y578C
442,KIT_N822I
443,KIT_C443S
444,KIT_V560D
445,KIT_S476I
446,KIT_W557G
447,KRAS_G12V
448,KRAS_G12D
449,KRAS_G12C
450,KRAS_G12A
451,KRAS_A146V
452,KRAS_G12S
453,KRAS_Q61H
454,KRAS_G12R
455,KRAS_A146T
456,KRAS_Q61K
457,KRAS_A59T
458,KRAS_G13C
459,KRAS_R149G
460,KRAS_G13D
461,KRAS_Q61R
462,KRAS_G12E
463,KRAS_G12F
464,KRAS_G12I
465,KRAS_G12L
466,KRAS_G12N
467,KRAS_G12W
468,KRAS_G12Y
469,KRAS_G13A
470,KRAS_G13E
471,KRAS_G13F
472,KRAS_G13I
473,KRAS_G13N
474,KRAS_G13R
475,KRAS_G13S
476,KRAS_G13V
477,KRAS_G13Y
478,KRAS_Q61E
479,KRAS_Q61L
480,KRAS_Q61P
481,MAP2K1_E203K
482,MAP2K1_Q56P
483,MAP2K1_K57E
484,MAP2K1_C121S
485,MAP2K1_K57N
486,MAP2K1_P124S
487,MAP2K1_F53S
488,MAP2K1_K57T
489,MAP2K1_V211D
490,MAP2K1_L115A
491,MAP2K1_F53L
492,MAP2K1_F129L
493,MAP2K1_P124L
494,MAP2K1_L115P
495,MAP2K1_P124Q
496,MAP2K1_I111S
497,MAP2K1_V60E
498,MAP2K1_I103N
499,MAP2K1_D67N
500,MAP2K1_E120D
501,MAP2K1_G128D
502,MAP2K1_H119P
503,MAP2K1_I111N
504,MAP2K1_I99T
505,MAP2K1_L215P
506,MAPK1_E322K
507,MET_H1112L
508,MET_V1110I
509,MET_H1112R
510,MET_M1268T
511,MET_R988C
512,MET_T1010I
513,MET_D1228N
514,MET_D1228V
515,MET_D1228H
516,MET_F1200I
517,MET_Y1230C
518,MET_N375S
519,MET_Y1230H
520,MET_M1149T
521,MPL_W515L
522,MSH6_T1219I
523,MTHFR_A222V
524,MTOR_P2213S
525,MTOR_M2327I
526,MTOR_A2034V
527,MTOR_H1968Y
528,MYD88_L265P
529,NQO1_P187S
530,NRAS_G12D
531,NRAS_Q61R
532,NRAS_Q61L
533,NRAS_G13D
534,NRAS_Q61K
535,NRAS_G12V
536,NRAS_Q61H
537,NRAS_Q61E
538,NRAS_Q61P
539,NT5C2_R367Q
540,NT5C2_D407A
541,NT5C2_K359Q
542,NTRK1_G595R
543,NTRK1_G667C
544,NTRK3_G623R
545,PDGFRA_D842V
546,PDGFRA_P577S
547,PDGFRA_R841K
548,PDGFRA_H845Y
549,PDGFRA_G853D
550,PDGFRA_T674I
551,PDGFRA_V658A
552,PDGFRA_D842I
553,PDGFRA_D842Y
554,PDGFRA_V561D
555,PDGFRA_V561A
556,PDGFRA_H650Q
557,PDGFRA_Y849S
558,PDGFRA_L221F
559,PDGFRA_D846Y
560,PDGFRA_N659K
561,PDGFRA_N659S
562,PDGFRA_R748G
563,PIK3CA_P471L
564,PIK3CA_E545K
565,PIK3CA_E542K
566,PIK3CA_H1047R
567,PIK3CA_E545G
568,PIK3CA_D350G
569,PLCG2_R665W
570,PLCG2_L845F
571,PML_A216V
572,PML_L218P
573,PTEN_A126G
574,PTEN_C136Y
575,PTEN_N48I
576,PTPN11_E76K
577,RAC1_P29S
578,RB1_H483Y
579,RET_C634W
580,RET_M918T
581,RET_I788N
582,RET_C618R
583,RET_V804M
584,RET_L790F
585,RET_A883F
586,RET_C634F
587,RET_C634R
588,RET_C634Y
589,RET_V804L
590,RET_Y791F
591,RET_E768D
592,RET_S891A
593,RET_D898V
594,RET_E884K
595,RET_Y806C
596,RET_C630R
597,ROS1_G2032R
598,ROS1_S1986Y
599,ROS1_S1986F
600,ROS1_G2101A
601,ROS1_L2155S
602,ROS1_L2026M
603,ROS1_D2033N
604,SMO_D473H
605,SMO_D473G
606,SMO_W535L
607,SMO_L412F
608,SMO_W281C
609,SMO_Q477E
610,SMO_G497W
611,SMO_P641A
612,SMO_N219D
613,SMO_C469Y
614,SMO_F460L
615,SMO_T241M
616,SMO_D473Y
617,SMO_E518K
618,SMO_H231R
619,SMO_V321M
620,SMO_W281L
621,SMO_S387N
622,SMO_S533N
623,SMO_I408V
624,SMO_D384N
625,SMO_A459V
626,STK11_F354L
627,TP53_R213P
628,TP53_R282L
629,TP53_R273C
630,TP53_Y220C
631,TP53_R175H
632,TP53_C135Y
633,TP53_P278R
634,TP53_S215G
635,TP53_R273H
636,TP53_D259Y
637,TP53_R280K
638,TP53_R248W
639,TP53_P72R
640,TP53_R158G
641,TP53_C238F
642,TP53_L111Q
643,TP53_R248Q
644,TP53_P98A
645,TP53_Y163C
646,TP53_R273L
647,TP53_Y234C
648,TP53_L194F
649,TP53_S241F
650,TP53_A159V
651,TP53_Y163H
652,TP53_V173M
653,TP53_G244S
654,TP53_P151H
655,TP53_E285K
656,TP53_L130V
657,UGT1A1_G71R
658,UGT1A1_P229Q
659,VHL_N78S
660,VHL_R200W
661,XRCC1_R194W
